<TextFileConfiguration>
	<FilePath>es\\ucm\\fdi\\ici\\c2021\\practica5\\grupo06\\data\\ghostsgeneralcasebase.txt</FilePath>
	<Delimiters>,</Delimiters>
	<DescriptionClassName>es.ucm.fdi.ici.c2021.practica5.grupo06.CBRengine.GhostsDescription</DescriptionClassName>
	<DescriptionMappings>
		<Map>id</Map>
		<Map>score</Map>
		<Map>time</Map>	
		<!--  
		<Map>distanceToNearestPowerPill</Map>
		<Map>positionOfNearestPowerPill</Map>
		<Map>distanceToPacman</Map>
		<Map>ghostEdible</Map>
		-->
		<Map>distanceToNearestPowerPillPacMan</Map>
		<Map>positionOfNearestPowerPillPacMan</Map>
		<Map>distanceNearestGhostToPacMan</Map>
		<!--  
		<Map>nearestGhostToPacMan</Map>
		<Map>distanceToNearestGhost</Map>
		<Map>positionOfNearestGhost</Map>
		<Map>nearestGhost</Map>
		<Map>distanceToNearestEdibleGhost</Map>
		<Map>positionOfNearestEdibleGhost</Map>
		<Map>nearestEdibleGhost</Map>
		<Map>distanceToNearestNoEdibleGhost</Map>
		<Map>positionOfNearestNoEdibleGhost</Map>
		<Map>nearestNoEdibleGhost</Map>
		<Map>edibleTimeLeft</Map>
		<Map>directionLastMove</Map>
		-->
		<Map>numberOfPowerPillsLeft</Map>	
	</DescriptionMappings>
	<SolutionClassName>es.ucm.fdi.ici.c2021.practica5.grupo06.CBRengine.GhostsSolution</SolutionClassName>
	<SolutionMappings>
		<Map>id</Map>
		<Map>action</Map>
	</SolutionMappings>
	<ResultClassName>es.ucm.fdi.ici.c2021.practica5.grupo06.CBRengine.GhostResult</ResultClassName>
	<ResultMappings>
		<Map>id</Map>
		<Map>score</Map>
	</ResultMappings>
</TextFileConfiguration>