<TextFileConfiguration>
	<FilePath>es\\ucm\\fdi\\ici\\c2021\\practica5\\grupo06\\data\\generalcasebase.txt</FilePath>
	<Delimiters>,</Delimiters>
	<DescriptionClassName>es.ucm.fdi.ici.c2021.practica5.grupo06.CBRengine.MsPacManDescription</DescriptionClassName>
	<DescriptionMappings>
		<Map>id</Map>
		<Map>score</Map>
		<Map>time</Map>
		<Map>nearestPPill</Map>		
		<Map>nearestPill</Map>	
		<Map>nearestNonEdibleGhostDist</Map>		
		<Map>nearestEdibleGhostDist</Map>	
		<Map>edibleGhost</Map>	
		<Map>timeEdibleLeft</Map>
		<Map>leftPills</Map>
		<Map>leftPPills</Map>	
	</DescriptionMappings>
	<SolutionClassName>es.ucm.fdi.ici.c2021.practica5.grupo06.CBRengine.MsPacManSolution</SolutionClassName>
	<SolutionMappings>
		<Map>id</Map>
		<Map>action</Map>
	</SolutionMappings>
	<ResultClassName>es.ucm.fdi.ici.c2021.practica5.grupo06.CBRengine.MsPacManResult</ResultClassName>
	<ResultMappings>
		<Map>id</Map>
		<Map>score</Map>
		<Map>time</Map>
		<Map>level</Map>
		<Map>eatenPills</Map>
		<Map>eatenPPills</Map>
	</ResultMappings>
</TextFileConfiguration>